barcode;nama;harga
711844000000;ABC Kecap Manis Pouch (300gr);11000
711844000000;ABC Saos Tomat (135ml);6650
8885010000000;Aice 3 In 1 (160ml);10000
8997030000000;Aice Bingo Aice Chocolate (40gr);2500
8885010000000;Aice Bingo Cookies Cone (100ml);6000
8885010000000;Aice Blueberry Cookies Stick (65gr);6000
12346;Aice Brown Sugar Boba;6000
8885010000000;Aice Choco Malt Stick (49ml);2000
8885010000000;Aice Choco Melt (100ml);5000
8885010000000;Aice Chocolate 2 Colors (50ml);3000
8885010000000;Aice Chocolate Crispy (60gr);5000
8885010000000;Aice Chocolate Max Cone (100ml);7000
8885010000000;Aice Coffe Crispy (45gr);3500
102663;Aice Crispy Ball Cookies;5000
8885010000000;Aice Crispy Balls (65gr);5000
8885010000000;Aice Es Jeruk (60gr);2000
8885010000000;Aice Freezy Choco (65ml);2500
8885010000000;Aice Fruit Twister (65ml);3500
12350;Aice Fruitroll Stik (60ml);3500
12351;Aice Fruizzy Bluberry Youghurt  Stick (70ml);3000
8885010000000;Aice Fruizzy Grape Stick (70ml);2500
12353;Aice Funky Milk;3000
8885010000000;Aice Goal Stick (70ml);4000
885013000000;Aice Lolly Pineapple Stick (55ml);3000
8885010000000;Aice Mango Slush (65gr);4000
8885010000000;Aice Markisa (55ml);2000
8885010000000;Aice Miki Miki (30gr);2500
8885010000000;Aice Miki-Miki Double Chocolate (35ml);2000
12358;Aice Milk Cereal Crispy Stick (49ml);4000
8885010000000;Aice Milk Melon (50gr);3000
12360;Aice Mochi Banana (45ml);3000
8885010000000;Aice Mochi Chocolate (30gr);3000
8885010000000;Aice Mochi Durian (45ml);3000
8885010000000;Aice Mochi Klepon (45ml);3000
102736;Aice Mochi Mango (45ml);3000
12363;Aice Mochi Peach (45ml);3000
12345676;Aice Mochi Red Bean premium;5000
8885010000000;Aice Mochi Vanilla (30gr);3000
12345675;Aice Mochi cocolate Premium;5000
12364;Aice Moong Bean Stick (70ml);4500
8885010000000;Aice Nanas (65gr);2500
8997030000000;Aice Semangka (65gr);2000
123456781;Aice Strawberry Cone;7000
8885010000000;Aice Strawberry Crispy (90ml);3500
12345671;Aice Strawbery Max Cone;7000
8885010000000;Aice Sundae Chocolate Cup (100ml);5000
8885010000000;Aice Sundae Strawberry Cup (100ml);5000
8885010000000;Aice Sweet Corn New (52gr);3000
8885010000000;Aice Taro Crispy (50ml);3500
12367;Aice Vanilla Chocolate Cup;4000
8993210000000;Akumo Chicken Nugget (250gr);13500
8993210000000;Akumo Chicken Nugget (500gr);24000
123689;Akumo Chicken Stick (500gr);25500
8993210000000;Akumo Chicken Stik (250gr);13500
8993210000000;Akumo Koin Kombinasi (200gr);9000
8993210000000;Akumo Koin Kombinasi (400gr);18500
8993210000000;Akumo Nuget (1kg);46000
745179000000;Alien Otak -Otak Premium (250gr);10000
745179000000;Alien Otak-Otak Gold (250gr);7000
745179000000;Alien Otak-Otak Premium (500gr);19000
102665;Aqua (1600ml);6000
8886010000000;Aqua Air Mineral (330ml);2500
8886010000000;Aqua Air Mineral (600ml);4000
102664;Aqua gelas (200ml);23000
8997210000000;Ardena Egg Money Bag (300gr);19000
8997210000000;Ardena Fish Roll (250gr);14500
8997210000000;Ardena Fish Roll (500gr);28500
102605;Ardena Fisroll Ekonomis (200gr);12500
102604;Ardena Fisroll Ekonomis(500gr);24000
8997210000000;Ardena Siomay Ayam (250gr);18000
8997210000000;Ardena Siomay Ayam (500gr);34500
8997210000000;Ardena Siomay Udang (250gr);18000
8997210000000;Ardena Siomay Udang (500gr);36000
1234586;Arios Rendang Potong (500gr);60000
8993210000000;Asimo Nuget Kombinasi (1kg);40000
8993210000000;Asimo Nuget Kombinasi (250gr);10000
8993210000000;Asimo Nuget Kombinasi (500gr);20000
12369;Asimo Nuget Stik (500gr);20000
12370;Asimo Nugget Kombinasi (250gr) Bentuk S;10000
12371;Asimo Nugget Kombinasi (450gr) Bentuk S;18000
8993210000000;Asimo Sosis Ayam Kombinasi (1000gr);38000
8993210000000;Asimo Sosis Ayam Kombinasi (375gr);14000
8993210000000;Asimo Sosis Ayam Kombinasi (500gr);20500
8993210000000;Asimo Stick Kombinasi (250gr);10000
9000000000000;Bango Kecap Manis (25gr);1000
9000000000000;Bango Kecap Manis (265gr);10000
9000000000000;Bango Kecap Manis (700gr);24000
9000000000000;Bango Kecap Manis (77gr);3000
900000000000000;Bango Kecap Manis Btl (189gr);10000
9000000000000;Bango Kecap Manis Btl (385gr);23500
102607;Baraya Kulit Lumpia (23cm);6000
123674;Barraya Kulit Pangsit (250gr);7500
8995230000000;Belfood Chicken Nugget Stick Uenaak (250gr);13000
8994130000000;Belfood Favorite Chicken Nugget Ceria (170gr);12000
8994130000000;Belfood Favorite Chicken Nugget Stick (170gr);12000
123428;Belfood Favorite Crunchy Nugget (140gr);12500
8994130000000;Belfood Favorite Kentang (175gr);12000
8994130000000;Belfood Favorite Nugget Sp (170gr);12000
12376;Belfood Uenaak Nugget Crispy (90gr);7500
8995230000000;Belfood Uenaak Nugget S (250gr);13000
8992980000000;Belibis Cabe Value (1kg);24500
8992980000000;Belibis Saus Cabe (135ml);7500
8992980000000;Belibis Saus Cabe (340ml);20000
8995180000000;Beras Hok-1 (5kg);80500
12381;Beres Sosis Ori (13pcs);37000
12382;Beres Sosis Ori (7pcs);37000
9930100000000;Bernardi Bun Mini Tray (20pcs);26000
8997200000000;Bernardi Bun Mini Wijen Tray (20pcs);28000
8997020000000;Bernardi Burger Polos (6pcs);13500
8997020000000;Bernardi Burger Wijen (6pcs);15500
102742;Bernardi Plain Roll (60);15500
12383;Bernardi Spicy Chicken Wing (380gr);40000
8992630000000;Bimoli Minyak Goreng (1liter);21500
8992630000000;Bimoli Minyak Goreng (2L);41500
8719200000000;Blueband (200gr);11000
8993300000000;Bogasari Terigu Segitiga Biru (1000gr);12000
8993300000000;Bogasari Terigu Segitiga Biru (250gr);4000
8993300000000;Bogasari Terigu Segitiga Biru Premium (1000gr);12500
89686386066;Bumbu Racik Ayam Goreng (26gr);2000
89686386462;Bumbu Racik Ikan Goreng (20gr);2000
12386;Bumbu Tomyum (75gr);10000
102744;Bumifood Quick Bites Crab Stik (50gr);7500
102745;Bumifood Quick Bites Fish Tofu (50gr);7500
102746;Bumifood Quick Bites Odeng (50gr);7500
8997010000000;Cedea Baso Ikan Besar (500gr);26000
8997010000000;Cedea Baso Udang (500gr);30000
8997010000000;Cedea Chikuwa Long (1kg);57500
8997010000000;Cedea Chikuwa Long (480gr);28500
8997010000000;Cedea Chikuwa Mini (1kg);57500
8997010000000;Cedea Chikuwa Mini (250gr);17000
8997010000000;Cedea Chikuwa Mini (500gr);28500
8997010000000;Cedea Crab Nugget (500gr);29000
8997010000000;Cedea Crab Stik (1kg);55000
8997010000000;Cedea Crab Stik (250gr);16000
102731;Cedea Crab Stik (500gr);30500
8997010000000;Cedea Dumpling Spicy Chicken (500gr);31000
8997010000000;Cedea Duo Twister (500gr);26000
8997010000000;Cedea Farm Animal (500gr);50000
102730;Cedea Farm Animals (200gr);25500
8997010000000;Cedea Fish Dumpling Cheese (200gr);16500
8997010000000;Cedea Fish Dumpling Cheese (500gr);28500
8997010000000;Cedea Fish Dumpling Chicken (200gr);16500
8997010000000;Cedea Fish Dumpling Chicken (500gr);28500
8997010000000;Cedea Fish Dumpling Chicken Curry (500gr);28500
8997010000000;Cedea Fish Roll (1kg);50500
8997010000000;Cedea Fish Roll 10 (250gr);16000
8997010000000;Cedea Fish Roll Original (500gr);25500
8997010000000;Cedea Fish Roll Spicy (500gr);30500
8997010000000;Cedea Flower Twister (500gr);26000
8997010000000;Cedea Korean Odeng Ori (480gr);29500
8997010000000;Cedea Korean Odeng Spicy (480gr);30500
12389;Cedea Kue Ikan Cabe (500gr);27500
8997010000000;Cedea Lobster Ball (500gr);30000
8997010000000;Cedea Magic Bomb Kembang Cumi (450gr);32000
8997010000000;Cedea Oriental Cartoon  (500gr);50000
8997010000000;Cedea Oriental Cartoon (200gr);26000
12392;Cedea Otak-Otak Singapura (1000gr);54000
8997010000000;Cedea Otak-Otak Singapura (500gr);28500
8997010000000;Cedea Panda Fish (200gr);28500
8997010000000;Cedea Salmon Ball (500gr);28000
8997010000000;Cedea Seafood Tofu (500gr);30000
8997010000000;Cedea Shrimp Ball (500gr);26500
8997010000000;Cedea Shrimp Tail (450gr);36500
12387;Cedea Sosis Premium Salmon (500gr);37000
8997010000000;Cedea Steamboat Dashi (300gr);23500
8997010000000;Cedea Steamboat Set Dashi (500gr);38500
8997010000000;Cedea Steamboat Tomyum (300gr);23500
8997010000000;Cedea Tahu Baso Seafood (500gr);25000
8993210000000;Champ Beef Sausage (375gr);34000
8993210000000;Champ Burger (315gr);19500
8993210000000;Champ Chicken & Fish Siomay (180gr);14000
8993210000000;Champ Chicken Ball (500gr);26000
12396;Champ Chicken Nugget 123 (500gr);37000
8993210000000;Champ Chicken Sausage (1kg);45500
8993210000000;Champ Chicken Sausage (375gr);18500
8993210000000;Champ Chicken Sausage (500gr);25500
8993210000000;Champ Chicken Stik (250gr);20000
1234593;Champ Chicken ball (200gr);12000
1234561;Champ Chiken Naget 123 (450gr);35000
1234598;Champ Chiken Nugget Stik (900gr);73000
12397;Champ Crunchy Hotss (300gr);24000
8993210000000;Champ Crunchy Nugget (225gr);18500
8993210000000;Champ Crunchy Nugget (450gr);33000
8993210000000;Champ Mitra Chicken Stik (500gr);40000
1234562;Champ Nuget Coin (450gr);35000
8993210000000;Champ Nugget (250gr);20000
8993210000000;Champ Nugget (500gr);39000
8993210000000;Champ Nugget ABC (225gr);18500
8993210000000;Champ Nugget ABC (450gr);35000
8993210000000;Champ Nugget Ayam (450gr);36000
12398;Champ Nugget Chicken Stik (1kg);71500
123400;Champ Nugget Coin (250gr);22500
123401;Champ Nugget Coin (500gr);37000
123402;Champ Nugget Hotzz Level 5 (500gr);39000
8993210000000;Champ Nugget Kombinasi (225gr);18500
8993210000000;Champ Nugget Kombinasi (900gr);65000
8993210000000;Champ Nugget Kombinasi Stik (255gr);18500
8993210000000;Champ Nugget Kombinasi Stik (450gr);36000
123403;Champ Sosis (3Pcs);5000
8993210000000;Champ Sosis Ayam Isi 3 (75gr);5000
8993210000000;Champ Sosis Bakar Jumbo (500gr);25000
8993210000000;Champ Sosis Bakar Mini Isi 10 (500gr);30000
6973130000000;Chn Frozen Potato Cut (2,5Kg);72000
745179000000;Cimanggis Bakso 168 (isi 50pcs);34000
745179000000;Cimanggis Bakso 77 (10pcs);3500
12385;Cimanggis Bakso 77 (50pcs);16000
745179000000;Cimanggis Bakso Htm (25pcs);17000
12384;Cimanggis Bakso168 (25pcs);17000
745179000000;Cimanggis Brekele (5pcs);16000
745179000000;Cimanggis Hitam (50Pcs);17500
745179000000;Cimanggis Polos (50pcs);27000
123407;Cimanggis Sbb (50pcs);60000
745179000000;Cimanggis Special (25pcs);19000
123408;Cimanggis Special (50pcs);19000
123409;Cimanggis Urat (25pcs);21500
123406;Cireng Kriwil Nyi Iteung;12500
8999900000000;Damon Uht Bubblegum (125ml);3000
123410;Danish Pastry Sheet (750gr);43500
8998890000000;Del Monte Barbeque Sauce (250gr);10000
8998890000000;Del Monte Berbeque Standing (1kg);32500
102726;Del Monte Blackpepper Stand (1000gr);39000
8998890000000;Del Monte Blackpepper Stand (250gr);11000
8998890000000;Del Monte Cs Spaghety Pouch (250gr);10000
123412;Del Monte Exhot Stand Pouch (500gr);13500
8998890000000;Del Monte Extra Hot (135ml);7000
8998890000000;Del Monte Extra Hot (190ml);10000
8998890000000;Del Monte Extra Hot Pet (265ml);11500
8998890000000;Del Monte Extra Hot Pounch (200gr);7000
8998890000000;Del Monte Extra Hot Sachet (24x8gr);7500
8998890000000;Del Monte Extra Hot Std Pounch (1kg);23000
8998890000000;Del Monte Korean Bbq Stand (250ml);11000
8998890000000;Del Monte Saus Tomat Pouch (200gr);6500
8998890000000;Del Monte Tomat Botol (190ml);9500
8998890000000;Del Monte Tomat Pet (265ml);10000
123413;Del Monte Tomato Stand Pouch (500gr);10000
8998890000000;Del Monte Tomato Standing Pouch (1kg);17500
8998890000000;Del MonteTomate (135ml);6500
8998890000000;Del MonteTomato Sachet;6500
123411;Delimax Herbs Sausage (360gr);45000
8997020000000;Delimax Ori Sausage (360gr);45000
8997020000000;Delimax Smoke Beef (200gr);19500
8997020000000;Delimax Smoke Beef Ori (500gr);44500
8997020000000;Delimax Smoke Spicy Chicken Wings (500gr);46000
123545;Diamond Milk Full Cream (1Ltr);21000
8999900000000;Diamond UHT Chocolate (125ml);3500
8999900000000;Diamond UHT Chocolate (1ltr);21000
8999900000000;Diamond UHT Full Cream (125ml);3500
8999900000000;Diamond UHT Milk Marshmallow (125ml);3500
8999900000000;Diamond UHT Strawberry (125ml);3500
8992510000000;Donat Pelangi Jumbo 10 (500gr);16500
123415;Dori Fillet (1kg);41000
123416;Eby Fry Tray;27000
123417;Eco Saos Extra Pedas (1kg);12000
1234587;Edmuk Bar Cheese (200gr);20000
1234582;Edmuk Bar Veggie (200gr);18500
123418;Edo Coklat Jumbo (10pcs);13500
123419;Edo Coklat Mini (20pcs);17000
123420;Edo Kentang Jumbo (10pcs);13500
123421;Edo Kentang Mini (20pcs);16500
8993490000000;Edo Puff Pastry Sheet (750gr);43000
123424;Edo Susu Jumbo (10pcs);13500
123425;Edo Susu Mini (20pcs);17000
123426;Edo Ubi Ungu Jumbo (10pcs);13000
123427;Edo Ubi Ungu Mini (20pcs);16500
123429;Fg Rendang Potong (1kg);115000
123430;Fg Rendang Potong (500gr);55000
8993210000000;Fiesta  Nugget Cheese 123 (500gr);52000
8993210000000;Fiesta Cheesy Lover (400gr);49500
123431;Fiesta Cheesy Lover (500gr);64000
8993210000000;Fiesta Chicken Nugget (400gr);42500
8993210000000;Fiesta Cordon Bleu Bbq Sauce (500gr);76000
8993210000000;Fiesta Crispy Bubble Nugget (400gr);38000
8993210000000;Fiesta Crispy Bubble Nugget (500gr);45500
8993210000000;Fiesta Crispy Crunch (300gr);28500
8993210000000;Fiesta French Fries Butter (500gr);28000
8993210000000;Fiesta Kentang (1kg);38000
8993210000000;Fiesta Kentang (500gr);20000
8993210000000;Fiesta Kentang Butter Coated (1kg);47500
1234594;Fiesta Kentang Butter Coated (500gr);28000
8993210000000;Fiesta Krinkel Shoestring (1kg);40000
8993210000000;Fiesta Krinkel Shoestring (500gr);22000
8993210000000;Fiesta Mitra Karage (400gr);43000
8993210000000;Fiesta Mitra Karage (500gr);52000
8993210000000;Fiesta Nuget Dino (500gr);54000
8993210000000;Fiesta Nuget Zoo (500gr);53000
8993210000000;Fiesta Nugget (200gr);22000
8993210000000;Fiesta Nugget (250gr);28500
8993210000000;Fiesta Nugget Cheese 123 (400gr);40000
8993210000000;Fiesta Nugget Dino (400gr);45000
8993210000000;Fiesta Nugget Pizza ABC (400gr);42500
8993210000000;Fiesta Nugget Pizza ABC (500gr);53000
8993210000000;Fiesta Nugget Stikie (250gr);28500
8993210000000;Fiesta Nugget Zoo (400gr);43000
8993210000000;Fiesta Pok-Pok (400gr);45000
8993210000000;Fiesta Ready To Go Korean Spicy (65gr);7500
8993210000000;Fiesta Ready To Go Sausage  Original (65gr);7500
8993210000000;Fiesta Rtg Cheesy Melts (65gr);7500
123434;Fiesta Rtg Chicken Cheesy Melts (65gr);7500
8993210000000;Fiesta Spicy Chick (400gr);44000
8993210000000;Fiesta Spicy Chick (500gr);50000
123436;Fiesta Spicy Karage (400gr);44000
123437;Fiesta Spicy Karage (500gr);57000
123438;Fiesta Spicy Nugget (500gr);51000
8993210000000;Fiesta Spicy Wing (400gr);56000
8993210000000;Fiesta Spicy Wings (500gr);68000
8993210000000;Fiesta Stikie (200gr);22500
8993210000000;Fiesta Stikie (400gr);45000
8995080000000;Fiva Rolade Beef (250gr);18500
8995080000000;Fiva Rolade Beef Roll;26000
8995080000000;Fiva Rolade Chicken (250gr);18000
8995080000000;Fiva Rolade Chicken Roll;24500
8995080000000;Fiva Sosis Cocktail (250gr);25000
123441;Frozenland Mix Vegetable 3 Way;23000
8996010000000;Fruit Tea Appel (250ml);4000
8996010000000;Fruit Tea Blackcurrant (250ml);4000
8996010000000;Fruit Tea Lemon (250ml);4000
8885010000000;Fruizzy Blueberry Youghurt Stick (70ml);3000
123442;Fruizzy Lychee Yogu Stick (48ml);2500
850033000000;Fura Cheesy Fish Finger (500gr);41000
850045000000;Fura Fish Coin (500gr);20000
850033000000;Fura Fish Karage (500gr);34000
850033000000;Fura Fish Nugget (500gr);30000
123443;Fura Fishroll (250gr);15000
850033000000;Fura Fishroll (500gr);23500
123444;Fura Otak-Otak Ikan (500gr);15500
850033000000;Fura Salmon Nugget (500gr);42000
8993230000000;Garam Meja Daun Yodium (250gr);3500
8997020000000;Geboy Panjang Putih (1kg);34000
8997020000000;Geboy Sosis Ayam Panjang Putih (500gr);18000
8997020000000;Geboyku Koin (20pcs);15500
123445;Geboyku Sosis (500gr);18000
123446;Geboyku Sosis (730gr);26000
8997020000000;Geboyku Sosis Ayam (1kg);35500
123447;Geboyku Sosis Merah (1kg);35500
123448;Geboyku Sosis Putih (1kg);34000
8997010000000;Gogo Fries Shoestring (1kg);32000
1234589;Golden Farm Mix Vegetable (1000gr);57500
123449;Gourmet Bbq (250gr);10000
8993200000000;Gourmet Cheesesauce (500gr);22500
8993200000000;Gourmet Extra Pedas (1kg);15500
8993200000000;Gourmet Mayonaise (1kg);29000
8993200000000;Gourmet Sambal (1kg);13500
8993200000000;Gourmet Sambal (500gr);7500
8993200000000;Gourmet Sambal Extra Pedas (500gr);9000
8993200000000;Gourmet Tomat (1kg);13000
8997210000000;Granco Minyak Goreng (1,8lt);38000
8995180000000;Gulaku (1kg);19000
123450;Hemato Nugget (250gr);11000
8998080000000;Hemato Nugget (500gr);18000
123452;Hemato Nugget Ayam Stiki (400gr);18500
123451;Hemato Nugget Ayam(1kg);36000
8998080000000;Hemato Nugget Hati (500gr);19000
123453;Hemato Nugget Mix(500gr);18000
123454;Hemato Sosis Ayam (40pcs);36000
8998080000000;Hemato Sosis Sapi (500gr);18000
123456;Hemato Sosis Sapi 1kg (40pcs);36500
123458;Hemato Sosis Sp (375gr);15000
123457;Hemato Sosis Sp 1Kg (30pcs);35500
899702000000;IDL Baso Bintang Besar (250gr);12000
8997020000000;IDL Baso Bintang Kecil (250gr);12000
8997020000000;IDL Baso Dumpling Ayam (500gr);28500
123459;IDL Baso Dumpling Keju (500gr);28500
8997020000000;IDL Otak-Otak (500gr);26500
8997020000000;IDL Scalop Premium (500gr);23000
8997020000000;IDL Soki Stick (500gr);17500
123460;ILM Soki Kotak;17500
123461;ILM Tempura (500gr);13000
89686010015;Indofood Indomie Ayam Bawang (69gr);3500
89686010947;Indofood Indomie Goreng Special (85gr);3500
89686420678;Indofood Kecap Manis (520ml);14000
89686386110;Indofood Racik Bumbu Sayur Asem (33gr);2000
102739;Indomie Nyemek Jogja Rendang (84gr);3500
102727;Indomie Rasa Soto (7tgr);3500
102728;Indomie Seblak Jeletot (75gr);3500
89686945003;Indomie Spageti Spicy Bolognese;3500
89686945010;Indomie Spageti Spicy Carbonara;3500
8993010000000;Indomilk Sachet Coklat (37gr);8500
8993010000000;Indomilk Sachet Creamy Original (37gr);8500
8992700000000;Indomilk Sci Coklat (190ml);4000
8992700000000;Indomilk Sci Stawberry (190ml);4000
6953150000000;Jamur Enoki New (500gr);5000
102734;Joday Double Scoop Chocolate Vanila;5500
102738;Joday Mochi Durian;3500
8991730000000;Joyday Choco Corn;4000
8991730000000;Joyday Choco Crunch;3500
8991730000000;Joyday Choco Malt;3500
8991730000000;Joyday Choco berry;2500
6907990000000;Joyday Cool Blueberry;3500
102733;Joyday Crunch Vanila Cookies (60ml);6500
6907990000000;Joyday Crunchy Chocolate Blueberry;5000
102716;Joyday Crunchy Double Chocolate;5500
102723;Joyday Crunchy Double Delight;5500
8991730000000;Joyday Cruncy Choco Lava;6500
8991730000000;Joyday Cruncy Cookies Cream;6500
6907990000000;Joyday Cruncy Sweet Stawberry;5500
6907990000000;Joyday Cruncy choco malt;5000
8991730000000;Joyday Es Susu;2500
8991730000000;Joyday Fruits Galaxy;2500
102748;Joyday Fruitti Frizz;4500
8991730000000;Joyday Kokomi;2500
102714;Joyday Lalava;3500
8991730000000;Joyday Mochi Coklat;3500
102713;Joyday Mochi Stawberry;3500
6907990000000;Joyday Sweet Corn;3500
102722;Joyday Vanilla Milkshake;5000
6907990000000;Joyday Water melon appel;2500
8997220000000;Kamil Bakso Sapi (250gr);17000
8997220000000;Kamil Bakso Sapi (750gr);48000
8997220000000;Kamil Sosis Bakar Ori Jumbo (500gr);35500
8997220000000;Kamil Sosis Bakar Ori Mini (500gr);32000
8993200000000;Kanzler Beef Cocktail (250gr);28500
8993200000000;Kanzler Beef Cocktail (500gr);55500
8993200000000;Kanzler Beef Wiener (360gr);45500
8993200000000;Kanzler Cheese Bratwurst (300gr);48000
8993200000000;Kanzler Cheese Cocktail (500gr);48500
8993200000000;Kanzler Chicken Corden Blue (300gr);50500
8993200000000;Kanzler Chicken Crispy Stik (450gr);42000
8993200000000;Kanzler Chicken Naget Crispy (250gr);25500
8993200000000;Kanzler Chicken Nugeet (450gr);41000
8993200000000;Kanzler Crispy Chicken Nugget (120gr);13500
8993200000000;Kanzler Crispy Chicken Nugget (450gr);42000
8993200000000;Kanzler Crispy Chicken Stik (250gr);25000
8993200000000;Kanzler Crispy Spicy Nugget (450gr);45000
8993200000000;Kanzler Single Baso Gochujang (60gr);8000
8993200000000;Kanzler Single Baso Hot (65gr);8000
8993200000000;Kanzler Single Baso Original (65gr);8500
8993200000000;Kanzler Single Gochujang (60gr);8000
8993200000000;Kanzler Single Sosis Keju (65gr);8500
8993200000000;Kanzler Singles Hot (65gr);8000
8993200000000;Kanzler Singles Original (65gr);8000
8993200000000;Kanzler Smok Beef (250gr);35500
8993200000000;Kanzler Sosis Blackpepper Frankfurter (300gr);41000
8993200000000;Kanzler Sosis Cheese Frankfurter (360gr);48000
8993200000000;Kanzler Sosis Frankfurter Cocktail (500gr);56000
102657;Kanzler Sosis Garlic Frankfurter (300gr);41000
123464;Kebab Frozen Pahlawan Spicy 10;27500
2763280000000;Kebab Mozzarella (8pcs);27000
711844000000;Kecap Asin ABC (135ml);4996
1234019;Kiko saus (1000);11000
8995560000000;Kimbo Heppi Sosis Ayam Ulir (40pcs);33000
8995560000000;Kimbo Heppii Sosis Bakar Mini (500gr);27000
8995560000000;Kimbo Mini Bratwurst (450gr);36000
102642;Kimbo Mini Bratwust Black Pepper 10 (500gr);31000
102643;Kimbo Mini Bratwust Keju 10 (500gr);31000
102644;Kimbo Sebaguna Cocktai merah Panjang (500gr);36500
8995560000000;Kimbo Sosis Mini Bratwurst '10;31000
8995560000000;Kimbo Sosis Sapi Cocktail (450gr);36000
8995560000000;Kimbo Sosis Sp Bratwurst (7pcs);31000
8997000000000;King Rolade Ayam (1000gr);31500
8997000000000;King Sosis Ayam 40 (1000gr);31500
1638500000000;Koki Panda Sumpit;9000
1234583;Korean Stik  Original (240gr);42500
1234584;Korean Stik Pottato (300gr);46000
123601;Kriwilan kebab;6000
123465;Kulit Dimsum Ori (250gr);7500
123466;Kulit Dimsum Warna (250gr);7500
1234564;Kulit Lumpia Bose;12500
123467;Kulit Lumpia Purnama;6500
123468;Kulitt Pangsit Kotak;4000
8997020000000;Lewis Bbq  F2 (310gr);11500
8997020000000;Lewis Cheese (250gr);13000
8997020000000;Lewis Chili A4 (500gr);7500
8997020000000;Lewis Chili A4 Pounch (1000gr);13000
102630;Lewis Extra Hot (200gr);7500
8997020000000;Lewis Extra Hot A7 (1kg);16500
8997020000000;Lewis Extra Hot A7 (500gr);10000
8997020000000;Lewis Mayo C1 (1kg);24000
8997020000000;Lewis Mayo C1 (500gr);12500
8997020000000;Lewis Mayo Hot Spicy (1000gr);27000
102632;Lewis Sambal Tempong (200gr);16000
8997020000000;Lewis Spaghety E3 (310gr);11500
8997020000000;Lewis Tomat B4 (500gr);6500
8997020000000;Lewis Tomato B4 (1Kg);12500
102631;Lewis tomat pouch (200gr);6500
123470;Mabell Mb Single Hot (60gr);7000
8998890000000;Maestro Mayonaise Pouch (180gr);10000
8998890000000;Maestro Mayonaise Pouch Premium (1kg);31500
8998890000000;Maestro Saus Mayo (1kg);21000
123471;Maestro Saus Mayo (500gr);12000
8998890000000;Maestro Thousand Island Stand  Pouch (180gr);9000
102719;Maestro Thousand Island Stand (1000gr);32500
8995100000000;Mamasuka Chicken Nugget Crunchy (150gr);15500
102633;Mamasuka Chicken Wings Cheese Buldak (200gr);28500
102634;Mamasuka Chicken Wings Korean Buldak (200gr);28500
123456782;Mamasuka Naget Ori (400gr);35500
8995100000000;Mamasuka Nugget (150gr);13500
8995100000000;Mamasuka Nugget Crunchy (400gr);38500
8995100000000;Mamasuka Odeng (100gr);10000
8995100000000;Mamasuka Spicy Wings (200gr);28500
8993200000000;Mamayo (500gr);16000
8993200000000;Mamayo Ori (1kg);25000
8993200000000;Mamayo Ori (200gr);7500
8997020000000;Max Max Sosis Selulose Ayam (500gr);17500
8997020000000;Max Selulose short 40 (1000gr);36000
8997020000000;Max Shoestring French Fries (1kg);32000
123473;Max Shoestring French Fries (2,5kg);72000
8992770000000;Mayumi Ori (100gr);8000
8992770000000;Mayumi Pedas (100gr);9000
8997010000000;Mazzoni Blackpapper (1kg);29000
8997010000000;Mazzoni Mayo (250gr);9000
8994450000000;Mazzoni Mayo Biru (500gr);13500
102661;Mazzoni Mayo Biru kg;24000
8997010000000;Mazzoni Mayo Ori (1kg);27000
123474;Mazzoni Red Hot (1kg);18000
8997010000000;Mazzoni Red Hot (250gr);6500
8997010000000;Mazzoni Red Hot Sachet;6000
8997010000000;Mazzoni Sauce Bbq (1kg);31000
8997010000000;Mazzoni Sauce Bbq (250gr);11000
8997010000000;Mazzoni Sauce Blackpaper (250gr);9000
1234755;Mazzoni Teriyaki (1kg);28000
8997010000000;Mazzoni Teriyaki (250gr);9000
8997020000000;Mc Lewis Sweet Mayonaise C8 (1kg);22500
89686023787;Mie Goreng Sakura (60gr);2500
89686023039;Mie Sakura Seblak Jeletot (60gr);2500
8993090000000;Minyak Goreng Rose Brand (2lt);40000
8993090000000;Minyak Goreng Tawon (2lt);40000
8990020000000;Minyak Wijen (100ml);16500
102729;Mirea Baso Salmon (500gr);25000
102751;Mirea Baso udang (200gr);12000
102656;Mirea Cumi Flower (200gr);17000
8997200000000;Mirea Dumpling Ayam (200gr);12000
102669;Mirea Dumpling Ayam (500gr);27000
102670;Mirea Dumpling Cheese (500gr);27000
8990200000000;Mirea Dumpling Keju (200gr);12000
9780200000000;Mirea Fish Roll (250gr);13500
201379624;Mirea Fish Roll (500gr);24500
8997800000000;Mirea Fish ball (200gr);10000
102720;Mirea Fish ball (500gr);20500
102655;Mirea Otak-Otak Ikan (200gr);11000
102684;Mirea Salmon Ball (200gr);17000
8997020000000;Mister Max Jumbo Isi 8 (500gr);26000
102658;Mister Max Otak-Otak (250gr);13000
89970175629;Mister Max Sosis Bakar Ayam 500gr;26000
8997020000000;Mister Max Sosis Bakar Isi 10+2 (500gr);26000
102659;Mister Max sosis coccktai merah (500gr);36000
8992700000000;Mitraku Bakso Aneka Seafood (500gr);27000
8992700000000;Mitraku Bakso Ikan (200gr);12000
8992700000000;Mitraku Bakso Ikan (500gr);25000
8992700000000;Mitraku Bakso Ikan Salmon (250gr);16000
8992700000000;Mitraku Bakso Mix (250gr);15000
8992700000000;Mitraku Bakso Mix (500gr);26500
8992700000000;Mitraku Bakso Salmon (1kg);56000
8992700000000;Mitraku Bakso Salmon (500gr);28500
8992700000000;Mitraku Baso Ikan (1kg);56000
8992700000000;Mitraku Baso Ikan Lobster (1kg);53000
8992700000000;Mitraku Chikuwa Mini (1kg);55000
8992700000000;Mitraku Chikuwa Mini (500gr);30000
123456786;Mitraku Dumpling Aneka Rasa (250gr);16500
8992700000000;Mitraku Dumpling Aneka Rasa (500gr);32000
8992700000000;Mitraku Dumpling Ayam (1kg);55000
1234599;Mitraku Dumpling Ayam (250gr);15000
8992700000000;Mitraku Dumpling Ayam (500gr);55000
123481;Mitraku Dumpling Bolognese (1kg);53000
8992700000000;Mitraku Dumpling Bolognese (500gr);29000
8992700000000;Mitraku Dumpling Kari (250gr);15000
8992700000000;Mitraku Dumpling Kari (500gr);29000
8992700000000;Mitraku Dumpling Keju (1kg);55000
123484;Mitraku Dumpling Keju (250gr);15000
8992700000000;Mitraku Dumpling Keju (500gr);28500
8992700000000;Mitraku Dumpling Rendang (1kg);55000
8992700000000;Mitraku Dumpling Rendang (500gr);29000
89927000000000;Mitraku Fish Cake Singapore (1kg);55000
89927000000000;Mitraku Fish Cake Singapore (500gr);28000
8992700000000;Mitraku Fish Roll (1kg);50000
8992700000000;Mitraku Fish Roll (250gr);13000
8992700000000;Mitraku Fish Roll (500gr);23000
8992700000000;Mitraku Fish Roll Bbq (500gr);23000
123489;Mitraku Fish Tofu (1kg);56000
8992700000000;Mitraku Otak-Otak Singapore (1kg);55000
123492;Mitraku Scallop (1kg);40000
8992700000000;Mitraku Scallop (500gr);24000
8992700000000;Mitraku Shrimp Tail (1kg);62000
8992700000000;Mitraku Shrimp Tail (450gr);28500
8992700000000;Mitraku Siomay (500gr);48500
102747;Mitraku crab stik (250gr);17000
8992750000000;Mizone (500ml);6000
9000000000000;Molto Farfum Boost Elegant Raspbery (11ml);500
9000000000000;Molto Farfum Protect Morning Fresh (10ml);500
9000000000000;Molto Parfum Boost Elegant Raspbery (18ml);1000
9000000000000;Molto Parfum Boost Korean Straw (11ml);500
9000000000000;Molto Parfum Protect Sunshine Bloomy (18ml);1000
9000000000000;Molto Pure Soft&Gen (18ml);1000
1234590;Murateku Dumpling Ayam (500gr);30500
5413080000000;Mydble Shoestring (1kg);38500
123496;Mydble Shoestring (500gr);20500
123497;Mydble Shoestring Transp (2,5kg);92500
8997230000000;Nori Java (10pcs);28000
123499;Nori Rumput Laut Mamasuka (250gr);12500
8993210000000;Okey  Chicken Sausage (500gr);23500
123501;Okey Burger Mini Daging Sapi & Ayam (280gr);10500
8993210000000;Okey Chicken Sausage (1kg);45000
8993210000000;Okey Chicken Stick (500gr);23500
8993210000000;Okey Nugget (500gr);23500
899207000000;Okey Sosis Bakar Jumbo (500gr);29500
8993210000000;Okey Sosis Bakar Mini (500gr);29500
8997230000000;Pak Kumiz Da50 (50pcs);45000
8997230000000;Pak Kumiz Gt05 (5pcs);29000
8997230000000;Pak Kumiz Ip25 (25pcs);15000
8997230000000;Pak Kumiz Lt50 (50pcs);36000
8997230000000;Pak Kumiz Mt10 (10pcs);14000
8997230000000;Pak Kumiz Mt50 (50pcs);46000
8997230000000;Pak Kumiz Pm10 (10pcs);15000
8997230000000;Pak Kumiz Pm50 (50pcs);57000
8997230000000;Pak Kumiz Pt10 (10pcs);19000
8997230000000;Pak Kumiz Pt40 (40pcs);62000
123502;Pak Kumiz Ts25 (25pcs);38000
8997230000000;Pak Kumiz Un25 (25pcs);15000
102724;Palmia Margarin (200gr);7500
123673;Panglima Bakso (50pcs);27500
102628;Pelangi Donat Mini 20 (500gr);18500
123462;Pelangi Jelly (500gr);8000
9780200000000;Pelangi Jelly Bubble Mini Rasa Leci (500gr);13000
8992510000000;Pelangi Minipo Coklat (500gr);15000
8992510000000;Pelangi Minipo Pandan (500gr);15000
8992510000000;Pelangi Minipo Strawberry (500gr);15000
8992510000000;Pelangi Minipo Vanila (500gr);15000
102683;Pembelian Aset; - 
9000000000000;Pepsodent Sikat Gigi 5Star;5000
9000000000000;Pepsodent White Pasta Gigi (120gr);10000
9000000000000;Pepsodent White Pasta Gigi (190gr);14000
8997240000000;Perfectio  Sosis Ayam Bakar 12 (500gr);27000
8997240000000;Perfectio Chicken Karage (250gr);22000
8997240000000;Perfectio Chicken Karage (500gr);43000
123455;Perfectio Chicken Skin (300gr);26500
8997240000000;Perfectio Nugget Vanfood (250gr);10000
102637;Perfectio Nugget Vanfood (500gr);18000
102735;Perfectio Spicy Wings (450gr);45000
8993490000000;Perfetto Keju Mozarella (250gr);38500
8997040000000;Pocari Sweat (500ml);7500
102740;Pop Mie Pedas Squad Kuah baso Granat (77gr);5500
8992850000000;Prima Agung Saus Mentai (1000g);50000
8992850000000;Prima Agung Saus Mentai (100g);11000
8992850000000;Prima Agung Saus Mentai (250g);20500
8992850000000;Prima Agung Saus Mentai (500g);31000
8997240000000;Prima Tahu Bakso (250gr);14500
102732;Qarmel Beef Slice Teriyaki (500gr);59000
102606;Qarmel Beef Slice Yoshinoya(500gr);57000
123660;Qarmel Kebab Ori (10pcs);24000
123661;Qarmel Kebab Spicy (10pcs);25500
8993230000000;Refina Beras Premium (5kg);75000
8993230000000;Refina Garam Meja (250gr);4000
8997230000000;Rice Paper (10Sht);12000
9000000000000;Rinso Anti Noda + Molto Rose Fresh Paw (40gr);1000
9000000000000;Rinso Anti Noda + Molto Rose Fresh Paw (770gr);20000
9000000000000;Rinso Anti Noda Rose Fresh Paw (380gr);10000
9000000000000;Rinso Anti Noda Rose Fresh paw (195gr);5000
9000000000000;Rinso Anti Noda Rose Liquid (40gr);1000
9000000000000;Rinso Anti Noda Signature Perfume paw (195gr);5000
9000000000000;Rinso Anti Noda+ Molto Farfum Ess Paw (40gr);1000
9000000000000;Rinso Anti Noda+ Molto Rose Fresh Liq (700ml);19000
9000000000000;Rinso Antinoda + Molto Classic Fresh Paw (40gr);1000
9000000000000;Rinso Antinoda Classic Fresh Liquid (40gr);1000
9000000000000;Rinso Antinoda Farfum Ess Liquid (20gr);500
9000000000000;Rinso Antinoda Farfum Ess Liquid (40gr);1000
123456788;Rojolele Beras (5kg);70000
8993090000000;Rose Brand Gula (1kg);18000
8993090000000;Rose Brand Margarine (200gr);5500
8993090000000;Rose Brand Santan Kara (65ml);5000
9000000000000;Royco Kaldu Ayam Kampung (8gr);500
9000000000000;Royco Kaldu Ayam Kampung (94gr);7000
9000000000000;Royco Kaldu Iga&Sumsum Sapi (8gr);500
9000000000000;Royco Kaldu Iga&Sumsum Sapi (94gr);7000
8993110000000;SO Nice Nugget (250gr);14000
8993110000000;SO Nice Nugget (500gr);22000
8993110000000;SO Nice Nugget Stick (500gr);22000
8993110000000;SO Nice Sosis (1kg);33000
8993110000000;SO Nice Sosis (375gr);15500
8993110000000;SO Nice Stick (250gr);14000
123480;Sagara Beef Slice Teriyaki (500gr);58000
8992770000000;Sajiku Golden Crispy (200gr);6500
8992770000000;Sajiku Tepung Bumbu (220gr);6500
8997240000000;Sakana Dimsum Ayam (250gr);19000
8997240000000;Sakana Egg Roll;18500
8991000000000;Sakana Ekado (500gr);26500
102737;Sakana Kekian (500gr);29000
8997240000000;Sakana Lumpia Ikan (500gr);25000
12265;Sakana Otak-Otak (250gr);12500
8991000000000;Sakana Otak-Otak Panjang (500gr);21000
8997240000000;Sakana Pempek Lenjer (500gr);25000
123456787;Sakana Pempek Selam Kecil (500gr);30000
8991000000000;Sakana Siomay (500gr);26000
8997240000000;Sakana Siomay Ayam Gyoza (250gr);18000
8997240000000;Sakana Siomay Mini (250gr);15000
8997240000000;Sakana Tahu Bakso Ikan (500gr);25000
8997220000000;Salam Bakso Ayam (500gr);18500
8997220000000;Salam Bakso Ayam Kerikil (500gr);18000
8997220000000;Salam Bakso Sapi (500gr);22000
8997220000000;Salam Kornet Ayam Koin (500gr);20000
8997220000000;Salam Kornet Ayam Kotak (450gr);18000
8997220000000;Salam Naget Ayam (1kg);36000
8997220000000;Salam Naget Ayam (250gr);11000
8997220000000;Salam Naget Ayam (500gr);18500
8997220000000;Salam Naget Hati (500gr);18500
8997220000000;Salam Naget Stick (250gr);11000
8997220000000;Salam Naget Stick Ayam (500gr);18500
123504;Salam Scalop Ayam (500gr);20000
8997220000000;Salam Sosis Ayam (375gr);15000
8997220000000;Salam Sosis Ayam (500gr);18000
8997220000000;Salam Sosis Ayam Long (1kg);35000
8997220000000;Salam Sosis Ayam Merah (500gr);17500
123506;Salam Sosis Ayam Merah 40 (1kg);35000
8997220000000;Salam Sosis Ayam Short (1kg);35000
8997220000000;Salam Sosis Bakar Jumbo (500gr);28500
8997220000000;Salam Sosis Bakar Kombinasi Mini (500gr);28500
8997220000000;Salam Sosis Bakar kombinasi Jumbo 8 (600gr);29000
8997220000000;Salam Sosis Sapi Long (500gr);19000
8992770000000;Saori Saos Teriyaki (135ml);10500
123507;Saori Saos Teriyaki (1ltr);57000
8992770000000;Saori Saos Teriyaki (275ml);19500
8992770000000;Saori Saos Tiram (133ml);10500
8992770000000;Saori Saos Tiram (1ltr);53000
8992770000000;Saori Saos Tiram (270ml);19500
9000000000000;Sariwangi Teh Asli Celup (25ktg);7000
123510;Seafood Curah;60000
8801500;Shaka Beef Slice (500gr);55000
8802500;Shaka Beef Slice Low Fat (500gr);59000
123520;Slice Dada Ayam (500gr);33500
8993110000000;So Eco Naget Ayam (1kg);33500
8993110000000;So Eco Naget Ayam (500gr);17500
123521;So Eco Sosis Merah (750gr);25500
123524;Sumpit Import;9000
102646;Sumpit Inti Bumi Kulit Dimsum 8cm;7500
102660;Sumpit Inti Bumi Kulit Pangsit 9x9;7500
123512;Sunfish Bakso Ikan isi 50 (500gr);25000
8997040000000;Sunfish Bakso Rebus Mix (500gr);28000
8997040000000;Sunfish Bakso Salmon (500gr);29000
8997040000000;Sunfish Chikuwa Long (500gr);27000
9789700000000;Sunfish Chikuwa Mini (500gr);27000
8997040000000;Sunfish Crab Stick (1kg);52000
8997040000000;Sunfish Crab Stick (250gr);16000
35790339;Sunfish Crab Stick (500gr);48000
123517;Sunfish Crab Stik (500gr);28000
8997040000000;Sunfish Dumpling Cheese (500gr);27000
8997040000000;Sunfish Dumpling Chicken (500gr);27000
123513;Sunfish Dumpling Matcha;29000
8997040000000;Sunfish Ekor Udang (450gr);29500
8997040000000;Sunfish Fish Ball isi 25 (500gr);24000
8997040000000;Sunfish Fish Roll (1kg);51000
8997040000000;Sunfish Fish Roll (250gr);13500
8997040000000;Sunfish Fish Roll (500gr);25000
8997040000000;Sunfish Hati Ikan (500gr);23000
8997040000000;Sunfish Kaki Naga (500gr);18000
8997040000000;Sunfish Kembang Cumi (500gr);29000
123516;Sunfish Kue Ikan (500gr);23000
8997040000000;Sunfish Narutomaki (500gr);25000
8997040000000;Sunfish Olahan Odeng Korea (500gr);24000
8997040000000;Sunfish Otak-Otak 10' (500gr);22000
8997040000000;Sunfish Otak-Otak 20 (500gr);22000
123518;Sunfish Otak-Otak 40' (500gr);23000
8997040000000;Sunfish Shrimp Roll (500gr);25000
9000000000000;Sunlight Jeruk Nipis 100 (230ml);5000
9000000000000;Sunlight Jeruk Nipis 100 (375ml);8000
9000000000000;Sunlight Jeruk Nipis 100 (640ml);17500
9000000000000;Sunlight Jeruk Nipis 100 (90ml);2000
9000000000000;SuperPel Japan Apple&Peony (770ml);13500
9000000000000;Superpel Lemon (770ml);13500
123525;Tamma Daging Kebab (2kg) TT;123000
123526;Tamma Daging Kebab Sapi (1kg);61500
123527;Tamma Daging Kebab Sapi (2kg) DT;127000
5161010212;Tamma Kebab Choco Caramel (10pcs);27500
5161010211;Tamma Kebab Original (10pcs);26000
123528;Tamma Kebab Spicy (10pcs);27000
123529;Tamma Maryam Coklat (5pcs);24000
123530;Tamma Maryam Original (5pcs);16500
123531;Tamma Tortilla Besar (25cm);27000
123532;Tamma Tortilla Catering (17cm);20000
123533;Tamma Tortilla Catering Premium;20000
123534;Tamma Tortilla Mini (20cm);22500
123535;Tamma Tortilla Sedang (23cm);24500
123536;Tasty  Max Gold Brats Cocktail (500gr);35500
8997020000000;Tasty Max Brats Ori (500gr);33000
8997020000000;Tasty Max Gold Brats Keju (500gr);37000
8997020000000;Tasty Max Gold Brats Lada Hitam;34000
8997020000000;Tasty Max Gold Brats Mini Ori;33000
123538;Tasty Meat Slice Lemak (450gr);55000
123537;Tasty Meat Suki Low Fat (450gr);54000
8996010000000;Teh Botol Sosro (300ml);4000
8886010000000;Teh Poci Celup (25);6000
8886010000000;Teh Sosro Celup (25);6000
8997010000000;Teman Laut Bakso Ikan (500gr);20000
8997010000000;Teman Laut Bakso Udang (500gr);20000
8997010000000;Teman Laut Coin Mushroom (500gr);21000
8997010000000;Teman Laut Coin Star (500gr);21000
8993090000000;Tepung Beras Pak Tani (500gr);8500
8993090000000;Tepung Beras Rose Brand (500gr);8500
102693;Tepung Cakra Kembar (1kg);13000
8993090000000;Tepung Maizena Rose Brand (250gr);5000
8992740000000;Tomyum Bamboe (60gr);10000
8995180000000;Topi Kok Beras (5kg);75000
6922130000000;Totole Kaldu Jamur (40gr);7500
6922130000000;Totole Kaldu Jamur (80gr);14000
1638250000000;Tusuk Pentol Koki Panda (150gr);5000
123541;Tusuk Pentol Koki Panda (180gr);5000
123542;Tusuk Sate Koki Panda (400gr);10000
123543;"Udang Kupas ""S"" (500gr)";42500
123544;Uenaak Coin Nugget UMM (250gr);14000
102743;Umiami Ayam Udang Kribo (270gr);22000
9986450000000;Umiami Kornet Ayam (500gr);17500
9986450000000;Umiami Kornet Sapi (500gr);17500
8997030000000;Umiami Minipao Ayam (500gr);14000
8997030000000;Umiami Minipao Coklat (500gr);14000
102668;Umiami Minipao Pisang (500gr);8500
8997030000000;Umiami Minipao Sapi (500gr);14000
8997030000000;Umiami Minipao Strawberry (500gr);14000
9986260000000;Umiami Siomay (15pcs);19500
123547;Umiami Siomay (60pcs);41500
123550;VIT Air Mineral (330ml);2000
8992750000000;VIT Air Mineral (550ml);3500
8995560000000;Vigo Bakso Ayam 50;18500
123548;Vigo Bakso Mercon (50pcs);31000
123549;Vigo Bakso Sapi (50pcs);25500
8995560000000;Vigo Baso Ayam Kerikil (500gr);17000
102690;Vigo Beef Burger 10;9000
102691;Vigo Beef Burger 20;10000
102692;Vigo Kornet Ayam;15000
102703;Vigo Sosis Ayam Kombinasi 15 (375gr);18000
102645;Vigo Sosis Ayam Ulir Panjang 15 (500gr);18000
8995560000000;Vigo Sosis Bakar Jumbo (7pcs);26000
8995560000000;Vigo Sosis Bakar Mini (12pcs);26000
8995560000000;Vigo Sosis SP (30pcs);26000
8995560000000;Vigo Sosis Sapi 15' (375gr);13500
8992750000000;Vit mineral (1500ml);5000
12304;Vit mineral (200ml);23000
8997210000000;Vitalia Burger (250gr);9500
8997210000000;Vitalia Burger (280gr);10500
8997210000000;Vitalia Nugget (250gr);11000
102741;Vitalia Shoestring kg (1000gr);28000
777740;Warisan Bakso AB (25pcs);15000
123553;Warisan Bakso AB (50pcs);28000
123554;Warisan Bakso AB BMS (25pcs);22000
123555;Warisan Bakso AB BMSK (50pcs);22000
123551;Warisan Bakso Ayam (50pcs);25000
102750;Warisan Bakso Brekele (5);18500
35400001;Warisan Bakso Sapi (600gr);22000
123556;Warisan Bakso Super M (50pcs);25000
123557;Warisan Bakso Urat (50pcs);27000
123558;Yogurt Stick Long;12000
123559;Yogurt Stick Short;11500
8998080000000;Yona Beef Patties (500gr);41000
123560;Yona Nugget Ayam Hati (500gr);35000
123561;Yona Sosis Bakar Jumbo (500gr);35000
123562;Yona Sosis SP Bakar Mini (500gr);36000
8997220000000;Zaitun Chicken Karage (500gr);43000
8997220000000;Zaitun Chicken Katsu (500gr);41000
8997220000000;Zaitun Crispy Crunch (250gr);18500
102647;Zaitun Crispy Nuget (400gr);34500
8997220000000;Zaitun Crispy Nugget (250gr);22000
8997220000000;Zaitun Crispy Nugget (500gr);41000
8997220000000;Zaitun Sosis Beef Breakfast (500gr);72000
8997220000000;Zaitun Spicy Wing (500gr);45500
8997220000000;Zaitun Stikie Cheese (500gr);39000
102717;Zaitun chicken Pok-POk (500gr);40000
